output,input,instruction
"Early, she left the party.",She left the party early,Rearrange the following sentence to make the sentence more interesting.
"We solve the equation f(x) = 0 on the domains x ≤ 1 and x > 1.

If x ≤ 1, then f(x) = -x - 3, so we want to solve -x - 3 = 0. The solution is x = -3, which satisfies x ≤ 1.

If x > 1, then f(x) = x/2 + 1, so we want to solve x/2 + 1 = 0. The solution is x = -2, but this value does not satisfy x > 1.

Therefore, the only solution is x = -3.",,"Let 
 f(x) = {[ -x - 3 if x ≤ 1,; x/2 + 1 if x > 1. ].
Find the sum of all values of x such that f(x) = 0."
"Warm breeze on my face
Endless sun brings joy and peace
Summer, please don't fade",,Compose a haiku poem about a summer day.
"Here are several methods to improve the accuracy of machine learning models:

1. Gathering and cleaning more data: The more data the model is trained on, the more patterns it can recognize, and the better it can generalize to new data. It’s also important to clean the data to handle missing, inconsistent or duplicate information.

2. Data preprocessing: Several preprocessing techniques like normalization, standardization, encoding, and feature selection can improve model accuracy by making the data more suitable for the learning algorithm.

3. Selecting the right algorithm: Different algorithms are suited to different types of data and problems. Experimenting with various algorithms, including ensemble methods that combine several algorithms, can boost accuracy.

4. Hyperparameter tuning: Hyperparameters are the fixed parameters that control the behavior of the learning algorithm. Tuning them can sometimes result in large improvements in accuracy.

5. Regularization: Regularization is a technique to prevent overfitting by adding a penalty term to the loss function. It encourages the model to use all the input features in a more balanced way, thus resulting in better generalization on new data.

6. Cross-validation: Cross-validation is a technique to evaluate how well the model generalizes on new, unseen data. By using cross-validation to help choose the best combination of preprocessing techniques, algorithms, and hyperparameters, it’s possible to increase model accuracy.",,What methods can be used to improve the accuracy of machine learning models?
Global warming can be reversed by reducing greenhouse gas emissions and deforestation.,Global warming can be reversed by reducing ________ and __________.,Fill in the blanks to complete the sentence.
